Country,Sales
Austria,"$55.00$97.00$224.00$486.00$440.00$382.00$1,047.00$1,059.00$87.00$965.00$60.00$44.00$2,056.00$36.00$338.00$197.00$14.00$50.00$103.00$1,057.00$29.00$524.00$392.00$60.00$235.00$38.00$50.00$68.00$148.00$23.00$286.00$205.00$88.00$137.00$45.00$1,593.00$187.00$70.00$57.00$320.00$426.00$964.00$351.00$18.00$41.00$117.00$716.00$1,542.00$1,395.00$184.00$179.00$56.00$52.00$51.00$98.00$79.00$89.00$282.00$17.00$53.00$63.00$79.00$1,195.00$558.00$257.00$285.00$852.00$91.00$68.00$362.00$231.00$297.00$14.00$27.00$232.00$434.00$1,285.00$128.00$10.00$399.00$89.00$23.00$1,147.00$415.00$11.00$50.00$27.00$27.00$43.00$254.00$19.00$40.00$21.00$83.00$426.00$30.00$402.00$24.00$248.00$94.00$48.00$197.00$50.00$60.00$719.00$257.00$206.00$27.00$9.00$68.00$98.00$181.00$90.00$822.00$69.00$126.00$1,237.00$388.00$4.00$89.00$135.00$520.00$146.00$45.00$197.00$77.00$45.00$19.00$339.00$21.00$130.00$23.00$133.00$296.00$464.00$126.00$72.00$54.00$107.00$147.00$148.00$1,085.00$261.00$615.00$428.00$29.00$34.00$240.00$298.00$448.00$40.00$1,987.00$165.00$59.00$149.00$49.00$2,147.00$597.00$43.00$85.00$258.00$67.00$366.00$438.00$488.00$58.00$16.00$122.00$141.00$2,900.00$497.00$303.00$1,829.00$215.00$115.00$292.00$97.00$38.00$41.00$115.00$31.00$17.00$437.00$157.00$417.00$119.00$212.00$412.00$174.00$145.00$1,060.00$265.00$242.00$113.00$316.00$113.00$82.00$44.00$206.00$736.00$54.00$352.00$147.00$29.00$71.00$76.00$68.00$82.00$219.00$67.00$17.00$54.00$122.00$294.00$59.00$61.00$122.00$22.00$88.00$18.00$465.00$1,101.00$165.00$46.00$97.00$50.00$53.00$257.00$150.00$108.00$37.00$27.00$681.00$32.00$132.00$440.00$54.00$90.00$13.00$320.00$103.00$101.00$911.00$147.00$98.00$61.00$1,027.00$1,319.00$510.00$397.00$3,221.00$228.00$154.00$144.00$79.00$36.00$1,270.00$385.00$19.00$1,846.00$28.00$24.00$83.00$7.00"
Belgium,"$12.00$666.00$2,076.00$309.00$525.00$29.00$161.00$152.00$957.00$201.00$73.00$50.00$160.00$1,796.00$88.00$478.00$178.00$98.00$413.00$207.00$27.00$308.00$198.00$66.00$147.00$373.00$37.00$37.00$34.00$594.00$113.00$62.00$910.00$1,640.00$183.00$446.00$21.00$146.00$130.00$2,489.00$831.00$30.00$160.00$57.00$1,584.00$31.00$83.00$53.00$283.00$104.00$57.00$250.00$105.00$280.00$89.00$147.00$642.00$398.00$29.00$657.00$27.00$56.00$66.00$64.00$117.00$139.00$68.00$541.00$27.00$31.00$42.00$170.00$237.00$86.00$98.00$226.00$47.00$293.00$382.00$175.00$83.00$343.00$289.00$11.00$50.00$22.00$104.00$18.00$548.00$245.00$60.00$25.00$122.00$50.00$1,335.00$253.00$1,133.00$297.00$42.00$187.00$197.00$550.00$74.00$10.00$689.00$257.00$48.00$324.00$504.00$107.00$5.00$1,158.00$373.00$77.00$166.00$108.00$642.00$44.00$497.00$96.00$409.00$151.00$70.00$294.00$143.00$111.00$425.00$1,591.00$84.00$954.00$159.00$61.00$79.00$158.00$1,136.00"
Denmark,$17.00$26.00$87.00$25.00$82.00$208.00$17.00$17.00$21.00$610.00$83.00$189.00$11.00$29.00$920.00$26.00$16.00$299.00$192.00$103.00$431.00$92.00$20.00$44.00$51.00$50.00$36.00$20.00$14.00$59.00$20.00$264.00$69.00$89.00$196.00$125.00$400.00$47.00$206.00$32.00$161.00$50.00$81.00$657.00$110.00$70.00$17.00$25.00$84.00$71.00$89.00$98.00$33.00$75.00$50.00$26.00$93.00$152.00$51.00$527.00
Finland,"$195.00$178.00$123.00$267.00$275.00$9.00$293.00$248.00$117.00$728.00$405.00$49.00$27.00$636.00$547.00$249.00$61.00$42.00$60.00$55.00$15.00$293.00$99.00$216.00$1,245.00$191.00$183.00$49.00$28.00$156.00$56.00$382.00$318.00$2,769.00$2,146.00$415.00$22.00$316.00$17.00$30.00$1,236.00$75.00$33.00$426.00$262.00$53.00$910.00$38.00$58.00$33.00$224.00$769.00$204.00$341.00$990.00$294.00$52.00$30.00$30.00$100.00$594.00$93.00$173.00$174.00"
France,"$140.00$90.00$207.00$155.00$33.00$716.00$987.00$116.00$58.00$178.00$28.00$46.00$44.00$550.00$89.00$149.00$112.00$50.00$208.00$31.00$50.00$206.00$4,544.00$277.00$90.00$284.00$35.00$24.00$129.00$10.00$107.00$108.00$72.00$14.00$178.00$57.00$453.00$152.00$230.00$246.00$551.00$86.00$507.00$1,889.00$498.00$15.00$47.00$53.00$81.00$294.00$36.00$2,017.00$83.00$13.00$18.00$645.00$684.00$1,713.00$808.00$5.00$31.00$218.00$124.00$120.00$25.00$16.00$37.00$66.00$1,389.00$51.00$220.00$72.00$627.00$139.00$194.00$510.00$94.00$139.00$43.00$2,229.00$58.00$140.00$212.00$122.00$330.00$237.00$104.00$58.00$29.00$104.00$578.00$322.00$599.00$127.00$92.00$131.00$152.00$222.00$44.00$668.00$838.00$438.00$264.00$48.00$271.00$348.00$206.00$90.00$210.00$524.00$347.00$125.00$17.00$89.00$113.00$455.00$237.00$554.00$175.00$994.00$249.00$64.00$332.00$1,622.00$623.00$270.00$23.00$646.00$88.00$388.00$66.00$439.00$41.00$239.00$187.00$249.00$37.00$88.00$215.00$59.00$66.00$1,569.00$396.00$130.00$8.00$895.00$26.00$16.00$76.00$439.00$113.00$71.00$189.00$158.00$84.00$538.00$146.00$683.00$1,236.00$1,076.00$40.00$104.00$514.00$320.00$33.00$60.00$154.00$1,667.00$98.00$51.00$257.00$965.00$172.00$275.00$1,108.00$152.00$1,182.00$21.00$13.00$61.00$239.00$187.00$45.00$1,253.00$42.00$80.00$106.00$30.00$28.00$425.00$999.00$507.00$13.00$116.00$36.00$90.00$393.00$142.00$169.00$31.00$293.00$77.00$85.00$276.00$1,292.00$361.00$568.00$52.00$13.00$101.00$69.00$144.00$22.00$12.00$79.00$77.00$49.00$112.00$25.00$1,200.00$83.00$147.00$4,449.00$148.00$44.00$1,320.00$83.00$84.00$188.00$33.00$643.00$44.00$50.00$23.00$952.00$89.00$144.00$165.00$147.00$3,178.00$669.00$23.00$51.00$69.00$231.00$66.00$58.00$25.00$56.00$47.00$52.00$60.00$170.00$1,630.00$689.00$62.00$12.00$392.00$71.00$676.00$371.00$31.00$379.00$219.00$144.00$41.00$1,234.00$50.00$46.00$40.00$428.00$50.00$13.00$112.00$142.00$256.00$295.00$443.00$349.00$101.00$29.00$325.00$956.00$232.00$104.00$736.00$1,112.00$40.00$26.00$185.00$130.00$705.00$380.00$67.00$68.00$96.00$868.00$97.00$263.00$53.00$812.00$274.00$37.00$69.00$479.00$57.00$284.00$26.00$50.00$893.00$434.00$43.00$425.00$59.00$407.00$363.00$18.00$53.00$454.00$571.00$332.00$27.00$41.00$33.00$35.00$218.00$249.00$305.00$256.00$298.00$108.00$56.00$651.00$141.00$23.00$38.00$559.00$246.00$668.00$284.00$100.00$88.00$105.00$8.00$248.00$98.00$406.00$65.00$580.00$100.00$92.00$157.00$43.00$131.00$259.00$1,239.00$27.00$152.00$90.00$852.00$132.00$1,080.00$65.00$573.00$604.00$140.00$56.00$1,257.00$124.00$32.00$730.00$58.00$32.00$221.00$166.00$64.00$143.00$53.00$578.00$67.00$85.00$160.00$31.00$494.00$11.00$416.00$1,246.00$83.00$209.00$333.00$73.00$110.00$93.00$55.00$71.00$140.00$99.00$510.00$62.00$50.00$73.00$360.00$220.00$203.00$758.00$209.00$117.00$42.00$79.00$312.00$102.00$34.00$134.00$43.00$230.00$265.00$31.00$36.00$973.00$16.00$77.00$58.00$21.00$146.00$52.00$357.00$492.00$373.00$39.00$92.00$59.00$61.00$130.00$113.00$397.00$248.00$28.00$90.00$230.00$981.00$120.00$2,364.00$43.00$2,444.00$12.00$25.00$138.00$2,167.00$21.00$34.00$1,081.00$2,584.00$24.00$49.00$467.00$431.00$646.00$1,765.00$190.00$22.00$27.00$26.00$247.00$673.00$88.00$142.00$2,123.00$907.00$1,952.00$352.00$35.00$15.00$23.00$258.00$226.00$75.00$518.00$20.00$46.00$242.00$816.00$486.00$16.00$85.00$187.00$82.00$680.00$536.00$44.00$259.00$20.00$97.00$735.00$50.00$33.00$48.00$167.00$130.00$46.00$154.00$108.00$1,639.00$80.00$193.00$561.00$1,622.00$140.00$28.00$104.00$423.00$469.00$184.00$150.00$79.00$17.00$9.00$462.00$227.00$57.00$119.00$406.00$207.00$49.00$29.00$65.00$38.00$96.00$221.00$155.00$791.00$99.00$292.00$34.00$52.00$245.00$644.00$224.00$119.00$14.00$244.00$21.00$63.00$86.00$62.00$356.00$79.00$1,345.00$69.00$249.00$201.00$87.00$94.00$57.00$717.00$35.00$1,310.00$45.00$87.00$254.00$234.00$9.00$82.00$95.00$104.00$11.00$98.00$27.00$267.00$131.00$218.00$107.00$625.00$1,894.00$45.00$54.00$1,622.00$23.00$766.00$61.00$454.00$221.00$170.00$101.00$115.00$232.00$16.00$777.00$184.00$1,201.00$505.00$70.00$35.00$52.00$207.00$51.00$68.00$30.00$225.00$62.00$426.00$900.00$51.00$31.00$355.00$831.00$29.00$985.00$198.00$40.00$48.00$125.00$371.00$88.00$30.00$14.00$435.00$165.00$114.00$1,972.00$72.00$1,136.00$72.00$171.00$218.00$28.00$2,017.00$1,082.00$1,853.00$88.00$915.00$76.00$207.00$837.00$668.00$57.00$98.00$53.00$3,063.00$54.00$115.00$122.00$88.00$593.00$31.00$762.00$65.00$184.00$224.00$44.00$14.00$632.00$225.00$112.00$49.00$119.00$80.00$148.00$612.00$151.00$180.00$598.00$52.00$53.00$147.00$30.00$70.00$127.00$78.00$96.00$73.00$186.00$103.00$2,012.00$328.00$1,027.00$34.00$7.00$8.00$84.00$443.00$78.00$152.00$709.00$80.00$45.00$305.00$148.00$56.00$34.00$140.00$723.00$280.00$131.00$23.00$1,594.00$384.00$287.00$589.00$425.00$28.00$76.00$1,048.00$344.00$97.00$350.00$54.00$57.00$651.00$38.00$13.00$43.00$693.00$50.00$6.00$903.00$96.00$150.00$986.00$207.00$30.00$296.00$90.00$322.00$376.00$158.00$1,225.00$201.00$46.00$57.00$28.00$99.00$1,003.00$52.00$89.00$84.00$108.00$14.00$112.00$1,081.00$34.00$1,239.00$172.00$1,952.00$249.00$130.00$103.00$719.00$48.00$41.00$34.00$97.00$463.00$505.00$227.00$130.00$158.00$1,602.00$320.00$445.00$246.00$26.00$101.00$245.00$215.00$325.00$365.00$52.00$274.00$99.00$55.00$210.00$200.00$11.00$14.00$299.00$1,533.00$130.00$137.00$46.00$112.00$1,028.00$65.00$1,524.00$2,757.00$40.00$88.00$57.00$344.00$41.00$89.00$259.00$37.00$135.00$67.00$61.00$77.00$135.00$48.00$22.00$17.00$304.00$34.00$251.00$338.00$154.00$63.00$965.00$154.00$229.00$309.00$535.00$209.00$278.00$397.00$22.00$22.00$517.00$71.00$1,084.00$207.00$103.00$24.00$101.00$389.00$56.00$80.00$119.00$891.00$328.00$328.00$60.00$262.00$448.00$97.00$54.00$48.00$154.00$419.00$57.00$23.00$456.00$756.00$7.00$121.00$59.00$136.00$329.00$44.00$9.00$52.00$232.00$99.00$110.00$133.00$16.00$344.00$564.00$154.00$567.00$132.00$44.00$748.00$214.00$117.00$99.00$323.00$180.00$1,339.00$302.00$406.00$534.00$40.00$716.00$38.00$137.00$1,623.00$260.00$73.00$465.00$468.00$106.00$53.00$131.00$387.00$336.00$42.00$41.00$286.00$126.00$145.00$28.00$41.00$42.00$130.00$141.00$46.00$372.00$510.00$547.00$1,327.00$796.00$76.00$1,110.00$1,069.00$27.00$32.00$2,037.00$137.00$313.00$28.00$256.00$445.00$176.00$88.00$159.00$509.00$330.00$2,910.00$146.00$1,031.00$40.00$374.00$106.00$63.00$27.00$27.00$101.00$736.00$212.00$1,488.00$60.00$45.00$147.00$207.00$135.00$2,753.00$598.00$85.00$45.00$13.00$29.00$212.00$76.00$278.00$173.00$34.00$602.00$648.00$34.00$734.00$1,096.00$264.00$18.00$43.00$186.00$1,622.00$63.00$214.00$132.00$79.00$152.00$124.00$899.00$101.00$1,032.00$151.00$185.00$1,243.00$53.00$1,244.00$263.00$43.00$592.00$383.00$439.00$146.00$44.00$98.00$448.00$404.00$246.00$156.00$299.00$49.00$304.00$385.00$414.00$241.00$460.00$1,249.00$209.00$164.00$201.00$70.00$2,959.00$84.00$320.00$29.00$79.00$267.00$454.00$94.00$286.00$837.00$88.00$16.00$487.00$37.00$68.00$33.00$644.00$45.00$210.00$46.00$1,221.00$45.00$70.00$71.00$108.00$222.00$164.00$21.00$79.00$14.00$1,607.00$171.00$95.00$116.00$32.00$15.00$202.00$29.00$28.00$57.00$54.00$110.00$88.00$762.00$239.00$1,282.00$245.00$244.00$814.00$215.00$73.00$57.00$17.00$827.00$229.00$17.00$195.00$14.00$1,184.00$27.00$34.00$66.00$52.00$26.00$40.00$249.00$150.00$38.00$46.00$42.00$228.00$49.00$60.00$113.00$541.00$496.00$105.00$345.00$33.00$196.00$26.00$3,156.00$38.00$34.00$697.00$64.00$325.00$559.00$132.00$494.00$150.00$71.00$218.00$154.00$184.00$46.00$187.00$76.00$312.00$721.00$72.00$426.00$44.00$29.00$107.00$24.00$34.00$41.00$80.00$13.00$56.00$214.00$1,048.00$794.00$116.00$35.00$86.00$81.00$124.00$42.00$331.00$49.00$110.00$14.00$73.00$32.00$678.00$44.00$306.00$32.00$16.00$72.00$50.00$207.00$66.00$322.00$461.00$268.00$188.00$140.00$36.00$24.00$155.00$1,554.00$84.00$314.00$27.00$449.00$762.00$38.00$270.00$107.00$53.00$67.00$34.00$1,086.00$53.00$67.00$875.00$421.00$289.00$1,554.00$113.00$190.00$410.00$1,306.00$73.00$632.00$111.00$150.00$353.00$62.00$111.00$85.00$355.00$15.00$552.00$61.00$88.00$87.00$457.00$1,269.00$108.00$10.00$174.00$44.00$18.00$68.00$1,533.00$260.00$2,892.00$464.00$66.00$316.00$74.00$167.00$428.00$96.00$88.00$1,291.00$339.00$55.00$141.00$242.00$194.00$166.00$198.00$469.00$91.00$80.00$107.00$152.00$45.00$156.00$276.00$204.00$4,618.00$71.00$24.00$20.00$143.00$260.00$1,786.00$608.00$5.00$2,479.00$206.00$48.00$188.00$359.00$311.00$53.00$227.00$50.00$146.00$2,432.00$24.00$99.00$180.00$112.00$105.00$249.00$49.00$37.00$116.00$72.00$158.00$127.00$145.00$214.00$156.00$232.00$470.00$1,015.00$43.00$21.00$52.00$205.00$44.00$373.00$15.00$154.00$116.00$303.00$612.00$1,270.00$36.00$71.00$11.00$27.00$343.00$155.00$125.00$68.00$225.00$132.00$83.00$62.00$59.00$247.00$263.00$1,677.00$358.00$19.00$2,764.00$304.00$2,195.00$265.00$85.00$12.00$143.00$118.00$152.00$51.00$30.00$14.00$677.00$332.00$249.00$276.00$46.00$1,829.00$17.00$357.00$324.00$58.00$22.00$95.00$495.00$64.00$1,021.00$1,622.00$87.00$1,301.00$131.00$72.00$372.00$364.00$140.00$79.00$24.00$637.00$714.00$30.00$597.00$13.00$643.00$44.00$25.00$192.00$101.00$582.00$75.00$14.00$21.00$313.00$255.00$977.00$122.00$53.00$381.00$829.00$442.00$465.00$2,103.00$157.00$529.00$429.00$346.00$17.00$31.00$482.00$575.00$45.00$86.00$274.00$90.00$85.00$27.00$44.00$168.00$114.00$1,300.00$55.00$918.00$332.00$5.00$44.00$59.00$39.00$85.00$355.00$61.00$149.00$688.00$348.00$146.00$40.00$27.00$245.00$166.00$117.00$1,076.00$1,506.00$40.00$132.00$135.00$199.00$89.00$36.00$36.00$845.00$43.00$1,599.00$97.00$381.00$311.00$22.00$206.00$57.00$71.00$46.00$110.00$328.00$161.00$1,250.00$1,061.00$100.00$126.00$371.00$90.00$15.00$34.00$25.00$1,244.00$89.00$54.00$644.00$1,603.00$156.00$537.00$21.00$1,076.00$170.00$200.00$44.00$7.00$11.00$16.00$211.00$95.00$128.00$117.00$30.00$115.00$668.00$203.00$63.00$37.00$450.00$62.00$17.00$476.00$257.00$148.00$71.00$16.00$89.00$54.00$40.00$355.00$341.00$560.00$57.00$28.00$71.00$232.00$174.00$321.00$24.00$97.00$168.00$204.00$729.00$29.00$17.00$32.00$230.00$744.00$828.00$34.00$72.00$489.00$379.00$140.00$173.00$193.00$102.00$101.00$118.00$19.00$184.00$59.00$210.00$154.00$53.00$26.00$1,120.00$45.00$307.00$194.00$80.00$1,429.00$88.00$43.00$809.00$341.00$171.00$36.00$78.00$333.00$238.00$67.00$267.00$61.00$146.00$27.00$74.00$180.00$1,063.00$27.00$32.00$55.00$163.00$32.00$152.00$24.00$43.00$170.00$54.00$154.00$298.00$427.00$37.00$2,115.00$121.00$146.00$133.00$1,020.00$100.00$193.00$42.00$598.00$227.00$22.00$29.00$27.00$717.00$85.00$148.00$183.00$38.00$22.00$139.00$869.00$59.00$41.00$371.00$44.00$17.00$556.00$40.00$229.00$378.00$29.00$561.00$110.00$536.00$39.00$22.00$188.00$21.00$1,824.00$129.00$89.00$105.00$48.00$610.00$1,113.00$137.00$18.00$109.00$39.00$60.00$789.00$670.00$11.00$75.00$674.00$32.00$79.00$18.00$735.00$176.00$1,547.00$1,630.00$31.00$379.00$448.00$243.00$1,625.00$103.00$1,810.00$143.00$126.00$259.00$81.00$68.00$42.00$543.00$122.00$28.00$1,955.00$157.00$22.00$116.00$829.00$64.00$227.00$59.00$415.00$218.00$155.00$108.00$44.00$158.00$123.00$116.00$22.00$14.00$305.00$27.00$225.00$428.00$85.00$362.00$191.00$1,629.00$62.00$43.00$104.00$25.00$25.00$73.00$25.00$880.00$154.00$816.00$299.00$290.00$207.00$578.00$1,518.00$21.00$162.00$150.00$92.00$484.00$57.00$820.00$4,877.00$90.00$137.00$169.00$2,452.00$171.00$1,069.00$44.00$335.00$52.00$269.00$245.00$157.00$25.00$31.00$48.00$13.00$230.00$157.00$41.00$277.00$109.00$43.00$676.00$45.00$96.00$407.00$1,622.00$259.00$33.00$222.00$94.00$27.00$618.00$53.00$1,120.00$1,137.00$53.00$15.00$174.00$94.00$28.00$417.00$55.00$13.00$46.00$177.00$646.00$1,637.00$413.00$555.00$28.00$110.00$136.00$553.00$709.00$833.00$749.00$71.00$487.00$742.00$111.00$365.00$1,355.00$95.00$257.00$104.00$339.00$59.00$33.00$474.00$140.00$25.00$71.00$108.00$218.00$1,351.00$516.00$123.00$610.00$74.00$24.00$14.00$105.00$382.00$255.00$44.00$70.00$47.00$530.00$23.00$20.00$846.00$15.00$140.00$210.00$465.00$75.00$89.00$1,016.00$46.00$45.00$93.00$18.00$63.00$765.00$60.00$84.00$138.00$227.00$244.00$28.00$19.00$32.00$693.00$67.00$193.00$31.00$63.00$297.00$27.00$314.00$21.00$34.00$115.00$27.00$92.00$125.00$62.00$225.00$330.00$338.00$71.00$188.00$120.00$162.00$246.00$88.00$88.00$139.00$336.00$53.00$47.00$53.00$322.00$289.00$646.00$318.00$10.00$40.00$16.00$711.00$5,729.00$94.00$213.00$250.00$30.00$25.00$97.00$223.00$2,457.00$814.00$27.00$513.00$596.00$109.00$27.00$646.00$98.00$3,151.00$53.00$165.00$211.00$106.00$14.00$17.00$46.00$207.00$676.00$138.00$189.00$59.00$776.00$86.00$119.00$258.00$46.00$147.00$16.00$450.00$42.00$124.00$248.00$1,263.00$133.00$1,022.00$556.00$96.00$45.00$2,070.00$175.00$1,052.00$88.00$90.00$62.00$284.00$45.00$1,622.00$323.00$125.00$17.00$122.00$49.00$667.00$41.00$309.00$49.00$90.00$229.00$36.00$68.00$261.00$197.00$129.00$81.00$347.00$101.00$31.00$220.00$1,657.00$61.00$368.00$73.00$659.00$224.00$212.00$20.00$382.00$508.00$965.00$206.00$37.00$37.00$26.00$56.00$49.00$28.00$170.00$62.00$120.00$202.00$429.00$134.00$29.00$973.00$114.00$293.00$98.00$91.00$72.00$247.00$401.00$1,461.00$1,104.00$100.00$325.00$169.00$487.00$189.00$524.00$148.00$557.00"
Germany,"$552.00$257.00$17.00$522.00$249.00$21.00$170.00$55.00$527.00$495.00$20.00$133.00$21.00$12.00$13.00$86.00$584.00$248.00$379.00$133.00$80.00$26.00$215.00$55.00$62.00$147.00$102.00$47.00$151.00$364.00$63.00$118.00$117.00$520.00$229.00$220.00$43.00$193.00$3,070.00$230.00$21.00$81.00$40.00$90.00$770.00$193.00$99.00$22.00$39.00$170.00$38.00$639.00$8.00$729.00$51.00$285.00$390.00$538.00$119.00$48.00$413.00$80.00$257.00$44.00$64.00$785.00$306.00$576.00$31.00$65.00$48.00$81.00$360.00$176.00$162.00$534.00$99.00$533.00$112.00$26.00$99.00$379.00$35.00$65.00$1,113.00$55.00$31.00$311.00$107.00$89.00$70.00$56.00$53.00$51.00$713.00$827.00$324.00$141.00$44.00$100.00$1,253.00$388.00$14.00$39.00$289.00$10.00$56.00$25.00$113.00$860.00$38.00$215.00$512.00$80.00$32.00$220.00$58.00$37.00$322.00$112.00$31.00$672.00$808.00$268.00$31.00$976.00$219.00$535.00$469.00$229.00$30.00$27.00$359.00$354.00$54.00$122.00$401.00$663.00$37.00$323.00$76.00$690.00$547.00$60.00$116.00$52.00$250.00$140.00$63.00$415.00$57.00$17.00$136.00$28.00$116.00$164.00$30.00$20.00$85.00$26.00$53.00$80.00$99.00$217.00$65.00$195.00$48.00$58.00$74.00$243.00$11.00$586.00$15.00$1,469.00$194.00$469.00$6.00$336.00$64.00$44.00$41.00$191.00$1,306.00$112.00$32.00$29.00$510.00$669.00$640.00$76.00$53.00$280.00$114.00$374.00$50.00$765.00$362.00$101.00$37.00$307.00$44.00$96.00$56.00$22.00$95.00$97.00$88.00$284.00$86.00$78.00$21.00$76.00$252.00$90.00$785.00$60.00$1,293.00$170.00$654.00$17.00$169.00$862.00$616.00$71.00$58.00$44.00$44.00$178.00$973.00$3,617.00$304.00$115.00$65.00$1,241.00$85.00$410.00$1,210.00$3,019.00$145.00$21.00$71.00$57.00$131.00$237.00$54.00$445.00$136.00$115.00$15.00$54.00$251.00$144.00$13.00$194.00$36.00$93.00$114.00$120.00$34.00$126.00$243.00$91.00$1,093.00$158.00$35.00$1,066.00$28.00$51.00$41.00$1,334.00$27.00$30.00$546.00$514.00$218.00$36.00$31.00$67.00$161.00$148.00$368.00$125.00$87.00$137.00$929.00$87.00$593.00$23.00$200.00$14.00$71.00$649.00$1,262.00$29.00$181.00$537.00$746.00$80.00$171.00$55.00$84.00$166.00$168.00$769.00$85.00$368.00$34.00$199.00$68.00$26.00$50.00$604.00$432.00$70.00$94.00$132.00$93.00$43.00$98.00$307.00$155.00$100.00$64.00$118.00$583.00$773.00$151.00$2,040.00$146.00$9.00$36.00$36.00$354.00$42.00$46.00$636.00$156.00$106.00$59.00$46.00$257.00$744.00$253.00$276.00$117.00$398.00$113.00$68.00$95.00$488.00$104.00$228.00$13.00$748.00$800.00$1,908.00$99.00$83.00$88.00$32.00$1,244.00$38.00$192.00$21.00$88.00$87.00$24.00$104.00$56.00$920.00$79.00$435.00$2,284.00$152.00$7.00$97.00$503.00$1,779.00$61.00$236.00$65.00$314.00$43.00$19.00$190.00$597.00$304.00$44.00$95.00$115.00$240.00$157.00$255.00$743.00$254.00$30.00$46.00$861.00$101.00$52.00$104.00$136.00$1,527.00$242.00$27.00$109.00$32.00$157.00$50.00$21.00$84.00$57.00$102.00$25.00$343.00$573.00$50.00$26.00$117.00$2,876.00$43.00$948.00$27.00$36.00$24.00$26.00$648.00$253.00$571.00$1,913.00$835.00$103.00$100.00$241.00$101.00$4,748.00$51.00$1,145.00$523.00$39.00$34.00$13.00$83.00$1,243.00$60.00$72.00$100.00$49.00$363.00$269.00$344.00$104.00$26.00$49.00$171.00$396.00$70.00$69.00$683.00$122.00$102.00$555.00$10.00$1,970.00$34.00$54.00$24.00$152.00$37.00$501.00$87.00$53.00$714.00$320.00$36.00$24.00$152.00$530.00$717.00$365.00$142.00$151.00$13.00$49.00$43.00$2,571.00$144.00$99.00$145.00$48.00$131.00$18.00$125.00$150.00$623.00$196.00$41.00$225.00$769.00$153.00$64.00$16.00$56.00$53.00$344.00$269.00$57.00$29.00$165.00$46.00$519.00$98.00$906.00$398.00$345.00$15.00$30.00$66.00$426.00$89.00$41.00$758.00$34.00$698.00$330.00$330.00$142.00$2,944.00$255.00$168.00$87.00$147.00$202.00$381.00$307.00$238.00$402.00$242.00$48.00$208.00$257.00$104.00$53.00$32.00$18.00$119.00$46.00$179.00$223.00$66.00$1,285.00$66.00$571.00$84.00$50.00$74.00$45.00$142.00$69.00$1,081.00$74.00$170.00$1,282.00$42.00$278.00$6.00$1,075.00$11.00$12.00$41.00$92.00$1,128.00$201.00$85.00$389.00$25.00$137.00$118.00$915.00$692.00$102.00$1,857.00$454.00$405.00$1,420.00$99.00$99.00$512.00$867.00$1,917.00$42.00$264.00$2,794.00$43.00$153.00$42.00$83.00$37.00$229.00$16.00$44.00$133.00$10.00$12.00$107.00$735.00$492.00$1,001.00$460.00$78.00$620.00$429.00$163.00$113.00$52.00$52.00$129.00$554.00$228.00$128.00$713.00$1,676.00$1,141.00$126.00$123.00$53.00$200.00$136.00$98.00$44.00$302.00$91.00$92.00$14.00$167.00$222.00$837.00$28.00$978.00$268.00$78.00$147.00$40.00$79.00$172.00$50.00$28.00$863.00$54.00$2,544.00$90.00$231.00$132.00$42.00$223.00$16.00$141.00$201.00$74.00$30.00$164.00$72.00$120.00$24.00$61.00$148.00$140.00$656.00$159.00$78.00$305.00$42.00$106.00$176.00$194.00$178.00$143.00$1,298.00$36.00$10.00$26.00$28.00$43.00$92.00$644.00$1,881.00$26.00$15.00$349.00$636.00$257.00$43.00$103.00$316.00$22.00$357.00$103.00$25.00$66.00$205.00$451.00$16.00$247.00$151.00$59.00$112.00$29.00$85.00$1,188.00$75.00$87.00$147.00$769.00$15.00$34.00$154.00$20.00$2,132.00$327.00$44.00$498.00$161.00$355.00$342.00$62.00$71.00$98.00$2,907.00$38.00$208.00$220.00$78.00$27.00$288.00$509.00$27.00$177.00$32.00$83.00$970.00$373.00$49.00$72.00$44.00$334.00$44.00$39.00$15.00$184.00$14.00$2,893.00$91.00$98.00$88.00$36.00$217.00$3,220.00$20.00$150.00$209.00$1,973.00$170.00$13.00$145.00$123.00$15.00$188.00$123.00$246.00$82.00$88.00$226.00$308.00$256.00$50.00$39.00$24.00$1,348.00$312.00$97.00$98.00$19.00$371.00$17.00$145.00$54.00$125.00$19.00$862.00$114.00$63.00$13.00$1,064.00$246.00$224.00$11.00$34.00$214.00$1,156.00$279.00$246.00$387.00$785.00$59.00$226.00$859.00$81.00$79.00$264.00$507.00$84.00$40.00$130.00$30.00$41.00$26.00$89.00$9.00$22.00$80.00$43.00$41.00$222.00$67.00$47.00$38.00$75.00$220.00$725.00$92.00$148.00$31.00$1,901.00$2,606.00$87.00$381.00$97.00$239.00$349.00$168.00$97.00$181.00$97.00$1,063.00$1,726.00$154.00$61.00$578.00$1,899.00$269.00$194.00$85.00$628.00$129.00$10.00$9.00$40.00$240.00$2,571.00$75.00$409.00$52.00$636.00$15.00$77.00$123.00$193.00$166.00$15.00$98.00$24.00$61.00$50.00$93.00$132.00$165.00$49.00$31.00$41.00$76.00$347.00$362.00$58.00$59.00$334.00$292.00$264.00$150.00$409.00$16.00$26.00$98.00$67.00$41.00$1,691.00$415.00$29.00$41.00$104.00$742.00$255.00$964.00$135.00$680.00$131.00$323.00$155.00$336.00$28.00$94.00$7.00$245.00$84.00$757.00$86.00$1,772.00$941.00$781.00$172.00$1,026.00$90.00$442.00$334.00$104.00$175.00$41.00$8.00$198.00$356.00$17.00$109.00$280.00$44.00$392.00$25.00$22.00$183.00$155.00$228.00$27.00$30.00$26.00$86.00$110.00$433.00$293.00$45.00$69.00$263.00$43.00$82.00$112.00$718.00$249.00$38.00$114.00$341.00$51.00$450.00$101.00$97.00$6.00$498.00$52.00$70.00$86.00$47.00$49.00$378.00$58.00$28.00$22.00$159.00$330.00$44.00$68.00$123.00$1,545.00$27.00$54.00$514.00$618.00$374.00$8.00$42.00$91.00$62.00$135.00$88.00$77.00$32.00$54.00$254.00$299.00$249.00$119.00$121.00$34.00$193.00$1,527.00$795.00$1,502.00$215.00$28.00$232.00$23.00$137.00$386.00$166.00$179.00$226.00$45.00$1,147.00$280.00$32.00$42.00$136.00$148.00$73.00$654.00$137.00$70.00$75.00$80.00$82.00$228.00$60.00$43.00$23.00$1,842.00$340.00$464.00$2,442.00$46.00$68.00$215.00$222.00$18.00$313.00$135.00$215.00$207.00$226.00$91.00$192.00$20.00$170.00$245.00$190.00$166.00$90.00$599.00$48.00$175.00$25.00$347.00$90.00$49.00$524.00$95.00$24.00$78.00$67.00$197.00$299.00$86.00$170.00$45.00$210.00$231.00$41.00$158.00$55.00$48.00$159.00$25.00$47.00$247.00$618.00$12.00$625.00$771.00$49.00$216.00$133.00$390.00$1,103.00$21.00$325.00$75.00$116.00$283.00$18.00$256.00$13.00$54.00$848.00$127.00$221.00$52.00$757.00$294.00$28.00$31.00$14.00$72.00$147.00$383.00$37.00$1,509.00$1,051.00$59.00$52.00$9.00$271.00$194.00$19.00$44.00$335.00$119.00$342.00$133.00$964.00$206.00$401.00$49.00$143.00$34.00$245.00$244.00$151.00$165.00$173.00$30.00$980.00$75.00$33.00$56.00$307.00$77.00$364.00$204.00$39.00$104.00$534.00$105.00$31.00$260.00$486.00$14.00$132.00$159.00$83.00$56.00$555.00$14.00$101.00$394.00$25.00$38.00$220.00$101.00$485.00$64.00$21.00$366.00$596.00$146.00$46.00$92.00$912.00$227.00$76.00$91.00$18.00$54.00$93.00$596.00$32.00$34.00$260.00$312.00$145.00$17.00$27.00$139.00$62.00$121.00$139.00$355.00$22.00$8.00$27.00$146.00$132.00$94.00$643.00$128.00$222.00$346.00$534.00$48.00$113.00$207.00$106.00$269.00$126.00$39.00$36.00$107.00$448.00$44.00$1,280.00$1,072.00$82.00$134.00$51.00$529.00$234.00$672.00$38.00$42.00$110.00$332.00$11.00$221.00$125.00$110.00$156.00$529.00$44.00$50.00$13.00$241.00$54.00$27.00$98.00$211.00$41.00$344.00$1,030.00$51.00$31.00$240.00$163.00$35.00$2,093.00$105.00$30.00$44.00$187.00$79.00$77.00$382.00$115.00$40.00$166.00$2,135.00$1,157.00$105.00$360.00$252.00$116.00$54.00$218.00$14.00$33.00$8.00$260.00$347.00$349.00$53.00$39.00$1,579.00$107.00$269.00$24.00$127.00$559.00$148.00$976.00$374.00$2,305.00$29.00$230.00$571.00$398.00$79.00$374.00$75.00$159.00$187.00$191.00$10.00$28.00$39.00$322.00$150.00$177.00$21.00$93.00$2,366.00$30.00$892.00$117.00$916.00$120.00$40.00$184.00$38.00$53.00$38.00$43.00$764.00$48.00$29.00$22.00$977.00$1,683.00$557.00$806.00$163.00$624.00$841.00$2,292.00$67.00$530.00$268.00$222.00$215.00$19.00$253.00$3,873.00$316.00$1,632.00$133.00$1,228.00$423.00$40.00$51.00$823.00$23.00$2,617.00$1,361.00$761.00$662.00$29.00$656.00$832.00$62.00$229.00$2,050.00$915.00$191.00$887.00$89.00$59.00$131.00$676.00$669.00$80.00$216.00$85.00$382.00$490.00$1,337.00$600.00$30.00$401.00$106.00$271.00$503.00$774.00$128.00$561.00$119.00$57.00$473.00$118.00$57.00$23.00$9.00$1,218.00$87.00$891.00$146.00$86.00$74.00$534.00$54.00$186.00$244.00$18.00$44.00$1,190.00$146.00$86.00$267.00$35.00$332.00$102.00$16.00$49.00$18.00$223.00$977.00$18.00$371.00$460.00$29.00$104.00$341.00$107.00$154.00$620.00$16.00$52.00$27.00$152.00$78.00$30.00$179.00$168.00$108.00$73.00$28.00$34.00$207.00$18.00$122.00$40.00$102.00$130.00$1,118.00$49.00$527.00$117.00$166.00$97.00$386.00$97.00$149.00$31.00$714.00$290.00$122.00$29.00$1,514.00$95.00$732.00$134.00$148.00$24.00$513.00$193.00$336.00$719.00$57.00$1,177.00$21.00$237.00$60.00$152.00$40.00$928.00$1,854.00$623.00$66.00$49.00$148.00$6.00$24.00$67.00$744.00$48.00$1,964.00$275.00$42.00$893.00$956.00$957.00$158.00$29.00$882.00$2,088.00$135.00$217.00$286.00$333.00$441.00$772.00$16.00$92.00$29.00$50.00$10.00$108.00$201.00$16.00$53.00$11.00$13.00$45.00$84.00$130.00$555.00$396.00$246.00$264.00$97.00$14.00$19.00$39.00$141.00$33.00$936.00$31.00$71.00$40.00$1,270.00$43.00$43.00$534.00$291.00$603.00$166.00$934.00$19.00$911.00$120.00$52.00$113.00$80.00$24.00$59.00$13.00$27.00$202.00$98.00$91.00$53.00$169.00$245.00$185.00$349.00$240.00$67.00$260.00$637.00$67.00$15.00$260.00$42.00$98.00$269.00$112.00$835.00$154.00$40.00$45.00$352.00$473.00$96.00$18.00$187.00$194.00$381.00$146.00$139.00$220.00$221.00$370.00$368.00$235.00$249.00$263.00$70.00$81.00$955.00$562.00$225.00$2,456.00$68.00$64.00$137.00$457.00$87.00$226.00$195.00$527.00$81.00$44.00$116.00$34.00$229.00$138.00$21.00$311.00$95.00$55.00$12.00$59.00$168.00$155.00$32.00$41.00$255.00$25.00$54.00$77.00$115.00$1,272.00$38.00$131.00$101.00$119.00$127.00$661.00$279.00$1,121.00$50.00$1,314.00$34.00$461.00$382.00$114.00$409.00$109.00$311.00$251.00$386.00$190.00$71.00$93.00$1,063.00$1,954.00$941.00$85.00$261.00$32.00"
Ireland,"$185.00$238.00$115.00$1,029.00$28.00$25.00$135.00$35.00$90.00$52.00$128.00$87.00$85.00$221.00$60.00$51.00$47.00$6.00$80.00$166.00$897.00$117.00$981.00$51.00$49.00$321.00$168.00$43.00$46.00$100.00$34.00$95.00$71.00$304.00$29.00$54.00$410.00$20.00$35.00$482.00$49.00$7.00$14.00$122.00$81.00$24.00$250.00$311.00$23.00$118.00$45.00$26.00$132.00$15.00$30.00$12.00$52.00$252.00$28.00$40.00$163.00$13.00$114.00$141.00$15.00$81.00$39.00$49.00$248.00$239.00$450.00$67.00$78.00$632.00$40.00$34.00$13.00$44.00$296.00$747.00$29.00$148.00$413.00$20.00$776.00$122.00$767.00$45.00$25.00$584.00$13.00$23.00$26.00$11.00$143.00$9.00$37.00$74.00$56.00$373.00"
Italy,"$22.00$48.00$145.00$48.00$825.00$54.00$889.00$28.00$73.00$69.00$41.00$54.00$55.00$78.00$110.00$1,003.00$164.00$29.00$30.00$103.00$41.00$63.00$23.00$477.00$47.00$18.00$58.00$83.00$288.00$47.00$105.00$82.00$93.00$158.00$296.00$123.00$497.00$57.00$24.00$39.00$242.00$475.00$58.00$312.00$45.00$145.00$93.00$109.00$1,025.00$35.00$62.00$78.00$43.00$24.00$47.00$24.00$60.00$256.00$698.00$601.00$102.00$524.00$56.00$442.00$151.00$165.00$713.00$48.00$45.00$58.00$490.00$18.00$112.00$239.00$561.00$249.00$17.00$152.00$527.00$56.00$520.00$191.00$81.00$43.00$173.00$28.00$451.00$61.00$141.00$69.00$176.00$370.00$114.00$118.00$32.00$111.00$48.00$185.00$155.00$61.00$104.00$238.00$182.00$744.00$51.00$119.00$85.00$451.00$393.00$31.00$47.00$40.00$102.00$742.00$630.00$76.00$80.00$73.00$193.00$10.00$54.00$255.00$666.00$17.00$134.00$27.00$117.00$153.00$118.00$36.00$326.00$32.00$117.00$117.00$81.00$206.00$305.00$202.00$26.00$85.00$242.00$21.00$39.00$290.00$383.00$82.00$677.00$770.00$494.00$144.00$589.00$178.00$16.00$45.00$42.00$349.00$60.00$607.00$159.00$729.00$54.00$538.00$120.00$136.00$29.00$48.00$246.00$120.00$113.00$27.00$142.00$248.00$211.00$1,363.00$285.00$344.00$599.00$155.00$137.00$32.00$182.00$1,236.00$234.00$137.00$198.00$46.00$31.00$85.00$359.00$1,022.00$44.00$60.00$170.00$94.00$1,560.00$37.00$36.00$303.00$224.00$107.00$410.00$294.00$32.00$132.00$91.00$140.00$59.00$54.00$246.00$30.00$9.00$61.00$65.00$147.00$21.00$133.00$157.00$948.00$139.00$134.00$42.00$48.00$167.00$259.00$21.00$80.00$95.00$57.00$123.00$99.00$368.00$124.00$63.00$1,054.00$153.00$56.00$99.00$42.00$170.00$80.00$338.00$114.00$100.00$69.00$15.00$68.00$323.00$225.00$1,514.00$65.00$13.00$40.00$510.00$96.00$154.00$37.00$135.00$56.00$2,546.00$48.00$138.00$108.00$46.00$112.00$124.00$89.00$17.00$31.00$91.00$35.00$24.00$241.00$757.00$211.00$293.00$50.00$60.00$93.00$412.00$98.00$44.00$132.00$34.00$144.00$372.00$259.00$668.00$1,716.00$38.00$85.00$170.00$43.00$26.00$68.00$215.00$53.00$71.00$195.00$75.00$105.00$582.00$562.00$53.00$89.00$828.00$284.00$541.00$65.00$151.00$139.00$49.00$492.00$88.00$14.00$152.00$255.00$221.00$284.00$1,166.00$188.00$204.00$357.00$251.00$40.00$79.00$956.00$1,024.00$14.00$59.00$637.00$41.00$248.00$182.00$88.00$36.00$176.00$34.00$12.00$804.00$45.00$315.00$492.00$219.00$269.00$294.00$48.00$152.00$81.00$108.00$67.00$62.00$57.00$918.00$97.00$245.00$12.00$362.00$103.00$28.00$774.00$45.00$255.00$1,363.00$245.00$173.00$22.00$119.00$86.00$37.00$838.00$376.00$200.00$173.00$147.00$87.00$175.00$30.00$469.00$577.00$231.00$343.00$27.00$82.00$53.00$111.00$74.00$116.00$118.00$76.00$859.00$34.00$113.00$35.00$122.00$264.00$89.00$48.00$527.00$1,086.00$90.00$117.00$198.00$56.00$212.00$155.00$18.00$357.00$1,478.00$29.00$215.00$161.00$58.00$488.00$205.00$102.00$205.00$220.00$2,070.00$98.00$278.00$22.00$57.00$19.00$95.00$56.00$164.00$89.00$1,508.00$107.00$100.00$178.00$48.00$47.00$54.00$58.00$27.00$101.00$147.00$222.00$325.00$62.00$107.00$345.00$28.00$36.00$60.00$141.00$332.00$154.00$184.00$527.00$445.00$32.00$300.00$330.00$79.00$1,226.00$19.00$12.00$594.00$25.00$512.00$100.00$143.00$1,243.00$233.00$174.00$158.00$164.00$206.00$117.00$31.00$87.00$173.00$21.00$348.00$20.00$49.00$40.00$765.00$54.00$229.00$143.00$2,594.00$342.00$259.00$52.00$53.00$24.00$31.00$954.00$242.00$369.00$213.00$100.00$48.00$47.00$159.00$25.00$102.00$100.00$136.00$132.00$69.00$623.00$492.00$989.00$158.00$19.00$85.00$14.00$66.00$111.00$66.00$29.00$204.00$244.00$83.00$28.00$78.00$1,235.00$83.00$22.00$475.00$765.00$106.00$71.00$32.00$490.00$269.00$53.00$92.00$950.00$2,684.00$189.00$3,979.00$499.00$30.00$133.00$69.00$488.00$89.00$297.00$723.00$920.00$320.00$486.00$165.00$251.00$138.00$50.00$32.00$68.00$73.00$80.00$18.00$52.00$22.00$112.00$49.00$9.00$298.00$116.00$259.00$14.00$27.00$29.00$306.00$124.00$245.00$989.00$110.00$42.00$23.00$304.00$83.00$356.00$156.00$31.00$434.00$139.00$203.00$30.00$15.00$21.00$276.00$146.00$34.00$152.00$93.00$34.00$425.00$31.00$600.00$37.00$69.00$2,671.00$1,998.00$110.00$52.00$255.00$44.00$64.00$105.00$33.00$96.00$73.00$120.00$123.00$58.00$366.00$968.00$27.00$42.00$230.00$662.00$1,498.00$154.00$76.00$166.00$714.00$37.00$50.00$123.00$1,239.00$1,856.00$77.00$237.00$287.00$77.00$30.00$104.00$29.00$76.00$19.00$21.00$59.00$49.00$62.00$213.00$40.00$20.00$283.00$1,817.00$137.00$125.00$139.00$88.00$24.00$75.00$739.00$41.00$74.00$42.00$67.00$58.00$69.00$56.00$119.00$781.00$138.00$43.00$388.00$31.00$632.00$16.00$63.00$146.00$194.00$148.00$2,244.00$80.00$158.00$29.00$59.00$97.00$33.00$2,847.00$106.00$253.00$565.00$26.00$86.00$191.00$44.00$520.00$495.00$211.00$64.00$23.00$85.00$485.00$244.00$1,235.00$56.00$29.00$102.00$38.00$111.00$724.00$113.00$57.00$757.00$64.00$155.00$164.00$38.00$263.00$1,078.00$385.00$57.00$200.00$58.00$110.00$54.00$2,061.00$121.00$80.00$189.00$100.00$17.00$22.00$27.00$11.00$297.00$76.00$59.00$160.00$652.00$114.00$79.00$498.00$22.00$1,543.00$53.00$1,232.00$990.00$53.00$37.00$28.00$103.00$89.00$42.00$188.00$595.00$38.00$26.00$88.00$79.00$9.00$148.00$73.00$156.00$1,487.00$375.00$299.00$287.00$110.00$148.00$1,183.00$291.00$32.00$876.00$19.00$134.00$98.00$22.00$34.00$461.00$250.00$57.00$106.00$28.00$22.00$46.00$40.00$221.00$201.00$173.00$196.00$23.00$112.00$291.00$925.00$112.00$83.00$28.00$801.00$1,361.00$137.00$140.00$771.00$223.00$10.00$95.00$43.00$145.00$34.00$143.00$45.00$209.00$504.00$366.00$26.00$446.00$44.00$304.00$220.00$81.00$479.00$51.00$137.00$51.00$2,671.00$294.00$444.00$785.00$56.00$216.00$140.00$296.00$16.00$593.00$134.00$1,709.00$27.00$37.00$292.00$33.00$1,316.00$111.00$33.00$499.00$105.00$26.00$97.00$59.00$635.00$46.00$741.00$689.00$22.00$80.00$58.00$119.00$765.00$195.00$36.00$191.00$149.00$132.00$35.00$30.00$155.00$148.00$86.00$101.00$26.00$1,217.00$115.00$146.00$49.00$986.00$37.00$48.00$20.00$42.00$100.00$275.00$52.00$2,927.00$294.00$200.00$89.00$237.00$1,308.00$216.00$154.00$40.00$351.00$53.00$158.00$149.00$11.00$218.00$98.00$30.00$55.00$130.00$51.00$387.00$169.00$159.00$1,209.00$107.00$288.00$802.00$372.00$68.00$129.00$145.00$90.00$1,145.00$45.00$1,073.00$146.00$1,096.00$545.00$54.00$8.00$32.00$20.00$68.00$75.00$238.00$351.00$8.00$65.00$29.00$24.00$209.00$430.00$82.00$550.00$103.00$81.00$200.00$33.00$109.00$97.00$202.00$27.00$85.00$146.00$97.00$50.00$1,246.00$35.00$391.00$743.00$322.00$1,549.00$45.00$24.00$103.00$287.00$23.00$148.00$415.00$83.00$25.00$41.00$167.00$171.00$117.00$190.00$172.00$49.00$27.00$148.00$245.00$106.00$180.00$311.00$214.00$494.00$98.00$28.00$43.00$632.00$185.00$251.00$2,553.00$31.00$19.00$74.00$24.00$94.00$45.00"
Netherlands,"$9.00$22.00$50.00$198.00$267.00$55.00$91.00$875.00$273.00$533.00$120.00$747.00$17.00$84.00$17.00$39.00$53.00$171.00$197.00$56.00$41.00$19.00$40.00$212.00$35.00$53.00$508.00$5.00$11.00$101.00$125.00$50.00$90.00$388.00$243.00$145.00$205.00$74.00$58.00$100.00$1,648.00$140.00$262.00$327.00$20.00$19.00$393.00$175.00$154.00$39.00$332.00$13.00$53.00$174.00$169.00$19.00$27.00$36.00$73.00$18.00$122.00$17.00$27.00$24.00$104.00$414.00$87.00$17.00$1,441.00$1,381.00$1,314.00$15.00$136.00$112.00$171.00$240.00$22.00$145.00$36.00$151.00$48.00$15.00$27.00$1,273.00$11.00$22.00$17.00$47.00$38.00$48.00$218.00$1,901.00$207.00$108.00$399.00$549.00$33.00$28.00$264.00$88.00$174.00$11.00$25.00$183.00$47.00$49.00$86.00$14.00$15.00$39.00$14.00$16.00$39.00$7.00$265.00$320.00$239.00$20.00$83.00$17.00$31.00$89.00$63.00$58.00$87.00$183.00$51.00$103.00$724.00$180.00$170.00$268.00$125.00$15.00$10.00$423.00$49.00$189.00$266.00$365.00$179.00$112.00$214.00$85.00$2,071.00$39.00$11.00$316.00$366.00$81.00$124.00$16.00$8.00$19.00$28.00$79.00$529.00$260.00$516.00$28.00$46.00$37.00$181.00$32.00$291.00$311.00$70.00$511.00$2,571.00$208.00$18.00$28.00$56.00$139.00$516.00$9.00$167.00$191.00$228.00$543.00$636.00$127.00$273.00$139.00$43.00$15.00$393.00$45.00$30.00$259.00$71.00$39.00$71.00$88.00$126.00$27.00$613.00$581.00$120.00$249.00$137.00$11.00$12.00$72.00$77.00$76.00$5.00$49.00$896.00$84.00$19.00$94.00$84.00$31.00$209.00$40.00$107.00$143.00$1,285.00$63.00$99.00$13.00$220.00$41.00$19.00$18.00$136.00$192.00$237.00$15.00$15.00$85.00$10.00$24.00$267.00$41.00$124.00$87.00$163.00$215.00$143.00$33.00$14.00$15.00$339.00$106.00$30.00$628.00$471.00$176.00$74.00$588.00$28.00$75.00$510.00$38.00$50.00$47.00$61.00$306.00$107.00$6.00$47.00$27.00$8.00$735.00$224.00$47.00$41.00$216.00$616.00$10.00$25.00$53.00$13.00$193.00$168.00$23.00$62.00$26.00$24.00$158.00$11.00$46.00$82.00$72.00$133.00$40.00$7.00$208.00$190.00$158.00$136.00$544.00$781.00$9.00$44.00$7.00$10.00$33.00$7.00$65.00$60.00$30.00$14.00$352.00$469.00$55.00$114.00$48.00$27.00$207.00$73.00$71.00$81.00$412.00$207.00$264.00$45.00$19.00$27.00$65.00$490.00$21.00$73.00$68.00$48.00$26.00$16.00$12.00$76.00$213.00$19.00$11.00$97.00$46.00$49.00$21.00$15.00$27.00$633.00$80.00$321.00$9.00$74.00$83.00$127.00$16.00$10.00$42.00$121.00$44.00$7.00$77.00$72.00$41.00$27.00$245.00$1,275.00$66.00$8.00$80.00$168.00$424.00$617.00$521.00$145.00$158.00$398.00$108.00$264.00$40.00$102.00$16.00$26.00$42.00$78.00$20.00$19.00$141.00$76.00$632.00$32.00$68.00$24.00$17.00$929.00$342.00$516.00$68.00$30.00$23.00$108.00"
Norway,"$13.00$52.00$88.00$132.00$50.00$243.00$27.00$92.00$38.00$244.00$39.00$364.00$49.00$26.00$964.00$54.00$116.00$174.00$353.00$343.00$13.00$134.00$136.00$28.00$207.00$241.00$114.00$69.00$348.00$1,533.00$52.00$636.00$121.00$41.00$508.00$102.00$50.00$32.00$369.00$335.00$1,032.00$1,601.00$199.00$149.00$436.00$1,327.00$195.00$1,591.00$102.00$26.00$15.00$595.00$169.00$32.00$119.00$840.00$44.00$234.00$45.00$38.00$413.00$338.00$872.00$42.00$70.00$599.00$28.00$33.00$424.00$391.00"
Portugal,"$570.00$205.00$17.00$170.00$40.00$23.00$47.00$411.00$122.00$60.00$855.00$122.00$37.00$7.00$469.00$57.00$55.00$29.00$186.00$341.00$87.00$179.00$30.00$38.00$28.00$149.00$46.00$17.00$88.00$38.00$1,322.00$143.00$773.00$54.00$74.00$3,400.00$20.00$73.00$69.00$139.00$53.00$74.00$29.00$50.00$191.00$27.00$14.00$468.00$18.00$396.00$1,278.00$94.00$40.00$183.00$80.00$34.00$143.00$25.00$174.00$275.00$45.00$70.00$122.00$182.00$25.00$30.00$33.00$21.00$20.00$322.00"
Spain,"$268.00$40.00$108.00$32.00$38.00$587.00$44.00$729.00$266.00$57.00$116.00$368.00$93.00$85.00$48.00$60.00$822.00$19.00$26.00$9.00$728.00$127.00$97.00$94.00$104.00$126.00$66.00$54.00$97.00$21.00$24.00$39.00$444.00$719.00$334.00$82.00$224.00$470.00$457.00$238.00$15.00$103.00$147.00$336.00$59.00$278.00$411.00$1,814.00$29.00$373.00$263.00$173.00$46.00$41.00$247.00$33.00$351.00$10.00$53.00$208.00$100.00$51.00$32.00$66.00$514.00$57.00$68.00$107.00$259.00$55.00$28.00$6,517.00$457.00$777.00$749.00$301.00$311.00$34.00$90.00$28.00$854.00$438.00$31.00$100.00$44.00$220.00$48.00$1,207.00$230.00$103.00$465.00$18.00$30.00$206.00$22.00$19.00$137.00$103.00$132.00$124.00$1,295.00$152.00$82.00$112.00$1,894.00$26.00$990.00$17.00$727.00$168.00$41.00$91.00$97.00$55.00$42.00$38.00$132.00$42.00$14.00$714.00$246.00$143.00$61.00$94.00$358.00$761.00$100.00$379.00$114.00$201.00$14.00$1,451.00$211.00$43.00$44.00$112.00$30.00$2,105.00$815.00$439.00$25.00$324.00$56.00$49.00$246.00$266.00$24.00$377.00$1,087.00$173.00$341.00$110.00$108.00$170.00$24.00$32.00$315.00$171.00$508.00$2,713.00$1,163.00$2,080.00$85.00$571.00$123.00$547.00$207.00$110.00$728.00$297.00$137.00$32.00$371.00$97.00$54.00$25.00$442.00$55.00$84.00$96.00$164.00$297.00$212.00$60.00$446.00$522.00$30.00$98.00$18.00$44.00$1,142.00$113.00$1,283.00$415.00$720.00$153.00$151.00$40.00$11.00$984.00$559.00$546.00$371.00$27.00$37.00$99.00$1,393.00$146.00$76.00$570.00$23.00$152.00$30.00$497.00$285.00$149.00$1,200.00$136.00$332.00$325.00$264.00$229.00$236.00$22.00$336.00$146.00$95.00$94.00$34.00$94.00$103.00$240.00$536.00$380.00$27.00$96.00$310.00$87.00$12.00$24.00$2,219.00$856.00$88.00$20.00$30.00$697.00$77.00$40.00$25.00$54.00$259.00$239.00$27.00$63.00$149.00$1,552.00$735.00$40.00$82.00$14.00$305.00$119.00$1,239.00$74.00$23.00$65.00$201.00$242.00$201.00$274.00$77.00$18.00$92.00$880.00$172.00$108.00$150.00$151.00$45.00$69.00$151.00$67.00$57.00$65.00$319.00$95.00$36.00$56.00$711.00$560.00$258.00$268.00$87.00$1,742.00$183.00$601.00$372.00$74.00$99.00$46.00$3,802.00$73.00$333.00$741.00$51.00$1,629.00$17.00$23.00$104.00$886.00$1,271.00$517.00$43.00$46.00$293.00$50.00$112.00$81.00$11.00$442.00$22.00$11.00$9.00$409.00$48.00$161.00$34.00$1,026.00$2,880.00$475.00$439.00$179.00$43.00$585.00$77.00$40.00$30.00$74.00$137.00$39.00$174.00$356.00$371.00$2,637.00$26.00$227.00$136.00$24.00$120.00$22.00$177.00$536.00$121.00$165.00$20.00$84.00$116.00$50.00$83.00$448.00$5,726.00$735.00$98.00$370.00$70.00$30.00$11.00$36.00$44.00$84.00$84.00$2,079.00$760.00$53.00$598.00$582.00$2,476.00$58.00$326.00$44.00$88.00$18.00$2,070.00$180.00$51.00$154.00$1,333.00$1,331.00$215.00$191.00$14.00$420.00$154.00$66.00$180.00$129.00$12.00$114.00$1,485.00$32.00$36.00$111.00$60.00$470.00$21.00$110.00$25.00$88.00$38.00$1,041.00$92.00$1,107.00$103.00$39.00$881.00$632.00$21.00$536.00$500.00$714.00$1,231.00$110.00$158.00$62.00$19.00$89.00$573.00$376.00$1,091.00$48.00$158.00$140.00$573.00$59.00$12.00$122.00$63.00$450.00$1,550.00$51.00$84.00$1,708.00$12.00$42.00$10.00$321.00$1,124.00$103.00$587.00$360.00$436.00$58.00$335.00$38.00$569.00$308.00$81.00$38.00$59.00$146.00$43.00$76.00$3,063.00$82.00$19.00$28.00$57.00$201.00$575.00$170.00$40.00$347.00$1,115.00$133.00$57.00$378.00$98.00$1,020.00$87.00$94.00$74.00$2,712.00$95.00$574.00$719.00$845.00$1,715.00$17.00$9.00$25.00$52.00$30.00$2,097.00$24.00$45.00$193.00$557.00$259.00$136.00$76.00$250.00$89.00$30.00$248.00$87.00$14.00$312.00$282.00$1,137.00$152.00$6.00$45.00$103.00$140.00$88.00$451.00$689.00$2,478.00$343.00$38.00$574.00$637.00$109.00$82.00$85.00$737.00$34.00$69.00$176.00$119.00$114.00$465.00$362.00$12.00$353.00$193.00$233.00$228.00$333.00$144.00$130.00$94.00$120.00$846.00$315.00$128.00$536.00$137.00$757.00$36.00$43.00$116.00$846.00$159.00$138.00$156.00$559.00$264.00$147.00$16.00$648.00$336.00$381.00$98.00$118.00$462.00$83.00$134.00$1,733.00$25.00$342.00$159.00$916.00$57.00$89.00$78.00$326.00$61.00$585.00$319.00$114.00$854.00$15.00$86.00$171.00$9.00$51.00$574.00$1,718.00$30.00$496.00$109.00$933.00$285.00$143.00$141.00$80.00$83.00$52.00$44.00$302.00$376.00$179.00$246.00$298.00$262.00$158.00$107.00$605.00$66.00$68.00$170.00$125.00$11.00$83.00$728.00$468.00$59.00$163.00$1,103.00$58.00$561.00$138.00$90.00$2,125.00$100.00$197.00$33.00$345.00$41.00$54.00$191.00$10.00$54.00$357.00$485.00$48.00$26.00$149.00$852.00$492.00$1,298.00$34.00$77.00$40.00$578.00$300.00$80.00$100.00$82.00$294.00$83.00$212.00$25.00$115.00$140.00$637.00$50.00$96.00$1,157.00$394.00$734.00$349.00$89.00$502.00$63.00$108.00$67.00$103.00$301.00$10.00$136.00$50.00$62.00$104.00$88.00$417.00$8.00$105.00$149.00$55.00$57.00$35.00$640.00$29.00$462.00$280.00$59.00$553.00$869.00$377.00$152.00$57.00$103.00$558.00$25.00$158.00$127.00$133.00$410.00$144.00$185.00$363.00$396.00$103.00$85.00$100.00$162.00$2,057.00$292.00$43.00$566.00$115.00$339.00$37.00$40.00$25.00$498.00$755.00$18.00$1,402.00$176.00$276.00$103.00$389.00$40.00$23.00$382.00$637.00$117.00$103.00$46.00$128.00$25.00$143.00$95.00$21.00$29.00$78.00$158.00$90.00$197.00$74.00$105.00$2,188.00$328.00$418.00$245.00$433.00$245.00$29.00$54.00$12.00$37.00$758.00$184.00$10.00$285.00$205.00$52.00$131.00"
Sweden,"$45.00$31.00$91.00$40.00$73.00$26.00$44.00$39.00$610.00$46.00$15.00$82.00$739.00$714.00$27.00$18.00$51.00$146.00$122.00$123.00$5.00$92.00$96.00$4.00$20.00$27.00$53.00$98.00$180.00$10.00$122.00$13.00$19.00$308.00$1,294.00$164.00$261.00$155.00$352.00$159.00$12.00$8.00$60.00$249.00$3.00$189.00$22.00$57.00$37.00$14.00$67.00$205.00$78.00$116.00$16.00$73.00$153.00$17.00$100.00$30.00$223.00$20.00$520.00$122.00$100.00$23.00$53.00$16.00$15.00$46.00$72.00$225.00$994.00$19.00$22.00$33.00$31.00$28.00$92.00$116.00$43.00$15.00$304.00$112.00$12.00$96.00$24.00$101.00$30.00$224.00$108.00$72.00$20.00$24.00$14.00$14.00$89.00$653.00$109.00$137.00$40.00$153.00$77.00$75.00$182.00$954.00$195.00$27.00$133.00$75.00$8.00$283.00$2,830.00$47.00$38.00$61.00$205.00$47.00$211.00$63.00$72.00$76.00$273.00$171.00$34.00$27.00$143.00$44.00$45.00$133.00$69.00$59.00$75.00$17.00$359.00$93.00$169.00$131.00$16.00$43.00$89.00$19.00$249.00$67.00$322.00$32.00$33.00$68.00$1,364.00$29.00$68.00$60.00$30.00$42.00$17.00$32.00$231.00$22.00$97.00$47.00$186.00$126.00$102.00$257.00$55.00$312.00$9.00$4.00$73.00$22.00$12.00$7.00$424.00$31.00$13.00$115.00$87.00$185.00$663.00$671.00$224.00$58.00$145.00$55.00$7.00$24.00$86.00$8.00$314.00$50.00$37.00$263.00$36.00$313.00$67.00$42.00$20.00$49.00$34.00$21.00$1,582.00$31.00$8.00"
Switzerland,"$780.00$19.00$21.00$32.00$167.00$273.00$26.00$92.00$110.00$21.00$584.00$15.00$36.00$265.00$30.00$204.00$254.00$303.00$18.00$174.00$45.00$190.00$245.00$47.00$364.00$97.00$140.00$1,361.00$147.00$60.00$591.00$414.00$60.00$76.00$46.00$180.00$62.00$84.00$57.00$49.00$682.00$324.00$123.00$251.00$149.00$269.00$3,422.00$318.00$2,381.00$261.00$382.00$605.00$304.00$138.00$149.00$35.00$32.00$32.00$115.00$1,101.00$56.00$406.00$624.00$50.00$34.00$289.00$12.00$34.00$300.00$47.00$340.00$416.00$12.00$1,055.00$152.00$30.00$1,913.00$292.00"
United Kingdom,"$854.00$27.00$17.00$1,384.00$103.00$290.00$34.00$162.00$1,314.00$705.00$195.00$37.00$74.00$28.00$254.00$11.00$29.00$48.00$24.00$15.00$7.00$149.00$2,624.00$34.00$423.00$51.00$32.00$169.00$625.00$66.00$26.00$186.00$693.00$159.00$1,413.00$34.00$92.00$200.00$46.00$2,859.00$164.00$608.00$159.00$123.00$255.00$54.00$22.00$512.00$806.00$450.00$2,053.00$57.00$123.00$1,266.00$238.00$85.00$145.00$53.00$146.00$506.00$144.00$118.00$79.00$541.00$241.00$636.00$63.00$605.00$99.00$156.00$106.00$119.00$73.00$32.00$405.00$628.00$19.00$44.00$87.00$34.00$108.00$24.00$61.00$94.00$194.00$956.00$738.00$1,207.00$106.00$79.00$34.00$11.00$273.00$12.00$1,508.00$55.00$387.00$8.00$42.00$164.00$616.00$503.00$28.00$105.00$5,277.00$143.00$190.00$597.00$584.00$42.00$169.00$431.00$56.00$339.00$97.00$176.00$205.00$12.00$48.00$268.00$4,453.00$25.00$72.00$382.00$622.00$76.00$149.00$51.00$34.00$17.00$10.00$61.00$1,119.00$211.00$273.00$317.00$281.00$1,674.00$518.00$71.00$88.00$73.00$359.00$81.00$22.00$35.00$268.00$565.00$161.00$148.00$122.00$1,141.00$1,892.00$149.00$95.00$22.00$31.00$376.00$1,742.00$34.00$52.00$136.00$590.00$1,593.00$154.00$85.00$1,036.00$26.00$126.00$17.00$145.00$50.00$51.00$19.00$79.00$7.00$29.00$82.00$143.00$25.00$53.00$80.00$41.00$26.00$28.00$135.00$191.00$874.00$11.00$305.00$555.00$52.00$34.00$34.00$67.00$28.00$1,983.00$24.00$613.00$107.00$51.00$166.00$3,119.00$1,553.00$17.00$184.00$42.00$299.00$184.00$673.00$1,207.00$612.00$37.00$65.00$340.00$18.00$70.00$41.00$215.00$169.00$42.00$1,394.00$11.00$59.00$861.00$58.00$53.00$117.00$55.00$47.00$205.00$98.00$30.00$2,286.00$83.00$29.00$583.00$98.00$11.00$448.00$126.00$51.00$58.00$119.00$137.00$994.00$136.00$1,893.00$64.00$36.00$167.00$102.00$40.00$31.00$22.00$1,066.00$414.00$197.00$108.00$309.00$174.00$48.00$88.00$43.00$72.00$384.00$245.00$285.00$104.00$148.00$64.00$129.00$320.00$134.00$101.00$144.00$32.00$397.00$772.00$1,058.00$29.00$205.00$21.00$129.00$15.00$15.00$28.00$44.00$31.00$15.00$38.00$245.00$136.00$74.00$52.00$794.00$487.00$349.00$117.00$10.00$43.00$79.00$47.00$827.00$24.00$103.00$97.00$5,725.00$44.00$1,909.00$377.00$98.00$92.00$35.00$97.00$149.00$104.00$1,491.00$21.00$27.00$37.00$73.00$53.00$95.00$900.00$716.00$586.00$79.00$36.00$610.00$120.00$85.00$22.00$39.00$333.00$2,199.00$345.00$39.00$158.00$82.00$823.00$284.00$560.00$712.00$1,062.00$158.00$230.00$380.00$1,488.00$24.00$99.00$27.00$45.00$55.00$33.00$246.00$54.00$807.00$316.00$59.00$24.00$188.00$54.00$46.00$99.00$12.00$117.00$15.00$5.00$22.00$96.00$1,071.00$48.00$62.00$30.00$214.00$53.00$316.00$3,979.00$44.00$428.00$15.00$45.00$108.00$107.00$34.00$96.00$674.00$108.00$81.00$35.00$132.00$76.00$64.00$88.00$3,315.00$632.00$123.00$78.00$338.00$132.00$171.00$152.00$207.00$127.00$223.00$876.00$342.00$25.00$135.00$298.00$80.00$136.00$27.00$12.00$750.00$17.00$63.00$55.00$260.00$97.00$40.00$144.00$683.00$14.00$339.00$275.00$412.00$27.00$297.00$43.00$43.00$1,677.00$3,442.00$27.00$40.00$16.00$159.00$354.00$56.00$493.00$59.00$89.00$33.00$42.00$38.00$251.00$22.00$29.00$123.00$45.00$334.00$720.00$508.00$87.00$41.00$324.00$171.00$326.00$101.00$24.00$17.00$9.00$246.00$327.00$343.00$83.00$78.00$1,169.00$820.00$439.00$267.00$93.00$148.00$43.00$30.00$73.00$61.00$45.00$325.00$51.00$31.00$80.00$172.00$440.00$822.00$97.00$15.00$26.00$28.00$60.00$43.00$12.00$12.00$26.00$19.00$185.00$43.00$82.00$18.00$46.00$371.00$1,167.00$96.00$84.00$16.00$133.00$207.00$100.00$105.00$415.00$197.00$232.00$57.00$244.00$84.00$16.00$187.00$60.00$141.00$67.00$22.00$1,241.00$5,785.00$20.00$60.00$29.00$1,249.00$85.00$332.00$379.00$35.00$15.00$263.00$403.00$716.00$1,579.00$81.00$119.00$168.00$141.00$441.00$1,011.00$1,138.00$370.00$62.00$40.00$114.00$40.00$50.00$155.00$1,567.00$164.00$618.00$165.00$247.00$36.00$31.00$7.00$1,607.00$39.00$658.00$800.00$816.00$168.00$118.00$56.00$1,275.00$42.00$38.00$47.00$152.00$174.00$268.00$75.00$21.00$37.00$876.00$2,843.00$56.00$234.00$70.00$151.00$238.00$142.00$72.00$2,478.00$161.00$112.00$423.00$5,274.00$1,429.00$137.00$743.00$85.00$66.00$45.00$621.00$233.00$56.00$41.00$166.00$55.00$14.00$87.00$242.00$57.00$332.00$2,699.00$412.00$27.00$351.00$54.00$22.00$25.00$93.00$172.00$89.00$83.00$567.00$140.00$44.00$249.00$194.00$23.00$34.00$397.00$573.00$129.00$484.00$205.00$179.00$55.00$79.00$738.00$437.00$106.00$45.00$225.00$11.00$1,580.00$231.00$127.00$12.00$104.00$278.00$74.00$153.00$33.00$116.00$34.00$178.00$1,071.00$137.00$91.00$1,200.00$873.00$40.00$48.00$506.00$8.00$228.00$778.00$899.00$27.00$51.00$1,536.00$6.00$22.00$99.00$278.00$321.00$905.00$91.00$194.00$116.00$57.00$1,954.00$22.00$197.00$86.00$672.00$264.00$286.00$52.00$49.00$48.00$275.00$18.00$349.00$63.00$202.00$41.00$442.00$57.00$389.00$1,003.00$31.00$220.00$40.00$11.00$21.00$22.00$14.00$415.00$36.00$291.00$19.00$40.00$50.00$53.00$187.00$56.00$63.00$797.00$892.00$60.00$91.00$233.00$256.00$1,234.00$97.00$30.00$24.00$85.00$1,615.00$36.00$23.00$31.00$26.00$54.00$115.00$25.00$441.00$176.00$61.00$89.00$73.00$88.00$389.00$57.00$38.00$67.00$216.00$44.00$11.00$594.00$9.00$110.00$1,460.00$249.00$22.00$46.00$68.00$459.00$692.00$147.00$163.00$180.00$71.00$96.00$46.00$269.00$73.00$428.00$510.00$63.00$462.00$16.00$11.00$159.00$107.00$21.00$410.00$62.00$91.00$55.00$267.00$13.00$328.00$467.00$59.00$46.00$111.00$15.00$164.00$1,707.00$394.00$292.00$369.00$947.00$102.00$396.00$53.00$426.00$806.00$193.00$43.00$591.00$425.00$43.00$1,519.00$104.00$57.00$232.00$344.00$29.00$14.00$206.00$676.00$936.00$40.00$128.00$167.00$383.00$70.00$81.00$180.00$10.00$257.00$42.00$23.00$5.00$481.00$408.00$46.00$56.00$357.00$43.00$247.00$22.00$542.00$2,290.00$96.00$708.00$296.00$23.00$225.00$800.00$1,908.00$198.00$794.00$494.00$79.00$164.00$11.00$1,275.00$635.00$167.00$52.00$86.00$9.00$287.00$599.00$265.00$165.00$795.00$79.00$51.00$510.00$233.00$45.00$82.00$39.00$122.00$256.00$105.00$44.00$93.00$776.00$810.00$34.00$572.00$54.00$435.00$110.00$112.00$78.00$132.00$576.00$423.00$249.00$250.00$26.00$169.00$852.00$287.00$71.00$21.00$16.00$19.00$111.00$94.00$27.00$39.00$4,141.00$60.00$204.00$74.00$336.00$93.00$21.00$1,745.00$17.00$147.00$162.00$184.00$180.00$116.00$107.00$12.00$38.00$65.00$157.00$75.00$87.00$35.00$72.00$40.00$110.00$34.00$37.00$220.00$35.00$79.00$51.00$122.00$307.00$389.00$414.00$33.00$429.00$82.00$23.00$67.00$175.00$79.00$671.00$93.00$19.00$9.00$319.00$262.00$79.00$95.00$471.00$18.00$17.00$83.00$129.00$94.00$65.00$269.00$1,700.00$154.00$455.00$32.00$34.00$81.00$184.00$271.00$57.00$93.00$52.00$273.00$101.00$360.00$685.00$850.00$250.00$856.00$485.00$62.00$240.00$28.00$512.00$511.00$185.00$765.00$62.00$291.00$520.00$2,292.00$65.00$15.00$578.00$484.00$598.00$996.00$777.00$105.00$302.00$1,117.00$29.00$66.00$78.00$47.00$473.00$106.00$155.00$987.00$15.00$2,519.00$51.00$71.00$595.00$151.00$58.00$19.00$130.00$142.00$64.00$45.00$56.00$53.00$60.00$242.00$77.00$27.00$32.00$38.00$1,399.00$774.00$271.00$49.00$4,363.00$414.00$55.00$181.00$147.00$53.00$171.00$26.00$19.00$579.00$742.00$14.00$87.00$935.00$176.00$55.00$226.00$57.00$1,429.00$449.00$103.00$53.00$45.00$192.00$1,860.00$60.00$17.00$125.00$35.00$1,560.00$133.00$339.00$78.00$29.00$61.00$140.00$30.00$32.00$311.00$3,201.00$1,314.00$198.00$34.00$134.00$293.00$31.00$40.00$44.00$22.00$434.00$144.00$523.00$44.00$42.00$17.00$100.00$30.00$1,023.00$108.00$265.00$14.00$207.00$97.00$158.00$116.00$47.00$201.00$61.00$59.00$61.00$136.00$469.00$149.00$8.00$26.00$21.00$28.00$286.00$1,864.00$105.00$176.00$36.00$185.00$62.00$79.00$30.00$518.00$39.00$1,218.00$284.00$180.00$11.00$59.00$26.00$857.00$22.00$327.00$204.00$119.00$229.00$811.00$720.00$38.00$11.00$351.00$279.00$24.00$1,054.00$15.00$496.00$132.00$87.00$118.00$18.00$429.00$21.00$47.00$46.00$954.00$78.00$91.00$133.00$115.00$142.00$35.00$249.00$197.00$329.00$51.00$11.00$38.00$79.00$43.00$33.00$24.00$734.00$56.00$565.00$254.00$94.00$167.00$591.00$521.00$47.00$2,020.00$7.00$327.00$1,240.00$100.00$112.00$62.00$18.00$31.00$405.00$730.00$799.00$704.00$45.00$64.00$844.00$244.00$21.00$16.00$231.00$1,716.00$33.00$25.00$74.00$17.00$101.00$1,389.00$651.00$125.00$871.00$30.00$61.00$246.00$425.00$93.00$141.00$110.00$636.00$299.00$223.00$770.00$86.00$15.00$31.00$2,898.00$870.00$73.00$693.00$325.00$30.00$385.00$43.00$762.00$1,705.00$66.00$367.00$41.00$73.00$10.00$14.00$261.00$2,549.00$2,077.00$603.00$326.00$82.00$427.00$877.00$141.00$224.00$48.00$65.00$221.00$17.00$50.00$92.00$539.00$406.00$278.00$128.00$74.00$31.00$52.00$1,275.00$39.00$13.00$276.00$724.00$112.00$60.00$19.00$25.00$47.00$18.00$133.00$112.00$48.00$520.00$627.00$227.00$54.00$92.00$549.00$424.00$70.00$261.00$1,145.00$284.00$12.00$82.00$22.00$42.00$54.00$79.00$59.00$50.00$214.00$74.00$122.00$105.00$9.00$1,279.00$41.00$44.00$27.00$48.00$80.00$1,600.00$47.00$193.00$76.00$101.00$460.00$125.00$277.00$25.00$190.00$135.00$237.00$148.00$39.00$68.00$245.00$867.00$289.00"
